<?xml version="1.0" encoding="UTF-8"?>
<beans xmlns="http://www.springframework.org/schema/beans"
	xmlns:xsi="http://www.w3.org/2001/XMLSchema-instance"
	xmlns:aop="http://www.springframework.org/schema/aop"
	xmlns:context="http://www.springframework.org/schema/context"
	xmlns:tx="http://www.springframework.org/schema/tx"
	xmlns:mybatis-spring="http://mybatis.org/schema/mybatis-spring"
	xmlns:security="http://www.springframework.org/schema/security"
	xsi:schemaLocation="http://www.springframework.org/schema/security http://www.springframework.org/schema/security/spring-security-5.1.xsd
		http://mybatis.org/schema/mybatis-spring http://mybatis.org/schema/mybatis-spring-1.2.xsd
		http://www.springframework.org/schema/beans https://www.springframework.org/schema/beans/spring-beans.xsd
		http://www.springframework.org/schema/context http://www.springframework.org/schema/context/spring-context-4.3.xsd
		http://www.springframework.org/schema/aop http://www.springframework.org/schema/aop/spring-aop-4.3.xsd
		http://www.springframework.org/schema/tx http://www.springframework.org/schema/tx/spring-tx-4.3.xsd">

<!-- 	<bean id="db"  class="org.springframework.jdbc.datasource.DriverManagerDataSource"> -->
<!-- 		<property name="driverClassName" value="com.mysql.cj.jdbc.Driver"></property> -->
<!-- 		<property name="url" value="jdbc:mysql://jjezen.cafe24.com:3307/api_20221230_a?useSSL=false&amp;serverTimezone=UTC"> -->
<!-- 		</property> -->
<!-- 		<property name="username" value="api_20221230_a_user"></property> -->
<!-- 		<property name="password" value="user1234!!"></property> -->
<!-- 	</bean> -->
	
	<bean id="transactionManager" class="org.springframework.jdbc.datasource.DataSourceTransactionManager">
		<property name="dataSource" ref="db"></property>
	</bean>
	
	<bean id="sqlSessionFactory" class="org.mybatis.spring.SqlSessionFactoryBean">
		<property name="dataSource" ref="db"></property>
		<property name="mapperLocations" value="classpath:mappers/*.xml"></property>
		<property name="configLocation" value="classpath:config/mybatis_config.xml"></property>
	</bean>
	
	<bean id="sqlSession" class="org.mybatis.spring.SqlSessionTemplate">
		<constructor-arg name="sqlSessionFactory" ref="sqlSessionFactory"></constructor-arg>
	</bean>
	
	<tx:annotation-driven transaction-manager="transactionManager" proxy-target-class="true"/>
	
	<aop:aspectj-autoproxy>
	</aop:aspectj-autoproxy>
	

<!-- 	<context:component-scan base-package="com.myteam.myapp" /> -->
	<context:component-scan base-package="com.myteam.myapp">
		<context:exclude-filter type="annotation" expression="org.springframework.stereotype.Controller"/>
	</context:component-scan>
	
	
</beans>
