<?xml version="1.0" encoding="UTF-8"?>
<beans:beans xmlns:xsi="http://www.w3.org/2001/XMLSchema-instance"
	xmlns:beans="http://www.springframework.org/schema/beans"
	xmlns:context="http://www.springframework.org/schema/context"
	xmlns="http://www.springframework.org/schema/mvc"
	xsi:schemaLocation="http://www.springframework.org/schema/mvc http://www.springframework.org/schema/mvc/spring-mvc-3.1.xsd
		http://www.springframework.org/schema/beans https://www.springframework.org/schema/beans/spring-beans.xsd
		http://www.springframework.org/schema/context https://www.springframework.org/schema/context/spring-context.xsd">

	<!-- DispatcherServlet Context: defines this servlet's request-processing infrastructure -->
	
	<!-- Enables the Spring MVC @Controller programming model -->
	<annotation-driven />

	<!-- Handles HTTP GET requests for /resources/** by efficiently serving up static resources in the ${webappRoot}/resources directory -->
	<resources mapping="/resources/**" location="/resources/" />

	<!-- Resolves views selected for rendering by @Controllers to .jsp resources in the /WEB-INF/views directory -->
	<beans:bean class="org.springframework.web.servlet.view.InternalResourceViewResolver">
		<beans:property name="prefix" value="/WEB-INF/views/" />
		<beans:property name="suffix" value=".jsp" />
	</beans:bean>

	<!-- api 로그인 -->
<!-- 	<beans:bean id="naverLoginService" class="com.myteam.myapp.service.NaverLoginService"/> -->
<!-- 	<beans:bean id="kakaoLoginService" class="com.myteam.myapp.service.KakaoLoginService"/> -->
	
	<!-- 인터프리터 -->
<!-- 	<beans:bean id="loginInterceptor" class="com.myteam.myapp.interceptor.LoginInterceptor"> -->
<!-- 	</beans:bean> -->
	 
	<!-- 인터셉터 -->
<!-- 	<interceptors> -->
<!-- 		<interceptor> -->
<!-- 			<mapping path="/member/memberLoginAction.do"/> -->
<!-- 			<beans:ref bean="loginInterceptor"></beans:ref> -->
<!-- 		</interceptor> -->
<!-- 	</interceptors> -->
	
	<context:component-scan base-package="com.templete.templete.controller" />
	
</beans:beans>
